{
  "project_info": {
    "project_number": "846367698096",
    "project_id": "vtsapp-45537",
    "storage_bucket": "vtsapp-45537.appspot.com"
  },
  "client": [
    {
      "client_info": {
        "mobilesdk_app_id": "1:846367698096:android:668c79af3232fb2514df75",
        "android_client_info": {
          "package_name": "com.example.vtsapp"
        }
      },
      "oauth_client": [],
      "api_key": [
        {
          "current_key": "AIzaSyBRgkGxxft1JnsTYSnpIPmwpGle5RThjOk"
        }
      ],
      "services": {
        "appinvite_service": {
          "other_platform_oauth_client": []
        }
      }
    }
  ],
  "configuration_version": "1"
}